<?xml version="1.0" encoding="UTF-8"?>
<project-private xmlns="http://www.netbeans.org/ns/project-private/1">
    <editor-bookmarks xmlns="http://www.netbeans.org/ns/editor-bookmarks/2" lastBookmarkId="0"/>
    <open-files xmlns="http://www.netbeans.org/ns/projectui-open-files/2">
        <group>
            <file>file:/D:/UTI%20Semester%206/SISTEM%20TEMU%20KEMBALI%20CODING/SistemTemuKembali_Fillaah/src/SoundexAlgoritm/SoundExClass.java</file>
            <file>file:/D:/UTI%20Semester%206/SISTEM%20TEMU%20KEMBALI%20CODING/SistemTemuKembali_Fillaah/src/SoundexAlgoritm/implementSoundEx.java</file>
        </group>
    </open-files>
</project-private>
